record_id,code,prefix,number,title,subject_area,description,prerequisites,corequisites,credit_min,credit_max,credit_unit,credit_source,credit_raw,page_start,page_end,raw_heading,notes
1,ACCT 121,ACCT,121,Financial Accounting,Accounting,"Accounting has been called ""the language of business."" Accordingly, this course emphasizes the provision of relevant and reliable information used by investors, creditors and managers in making financial and business decisions. Areas of emphasis include the basic concepts and principles of financial accounting, the accounting cycle, financial statement preparation, information systems and processing, and internal control. Recognition, measurement, and classification of assets, liabilities, revenues and expenses are examined and the alternative forms of business organization are covered. BSBA majors only.",,,3,,SemesterHour,cross_reference,3,343,343,ACCT 121: Financial Accounting,
2,ACCT 122,ACCT,122,Managerial Accounting,Accounting,"The course is a study of the development and use of accounting information and its importance to management functions. Areas of emphasis include planning and control of operations, evaluation of performance at different levels within the organization, financial analysis, cost systems, budgeting, and decision-making. A computer project is required using spreadsheet software. BSBA majors only.",,,3,,SemesterHour,cross_reference,3,343,343,ACCT 122: Managerial Accounting,
3,ACCT 305,ACCT,305,Cost Accounting and Data Analytics,Accounting,"This course introduces students to methods and tools used in business organizations in the areas of financial planning, controlling and decision making. While different approaches to measuring cost of products and services is a central focus of the course, the course integrates planning and controlling by exposing students to information, financial analysis, and data analytics needed to support decision making. The course also provides thorough treatment of cost analysis for both manufacturing and a wide range of service industries.",,,3,,SemesterHour,cross_reference,3,343,343,ACCT 305: Cost Accounting and Data Analytics,
4,ACCT 306,ACCT,306,Advanced Cost Accounting,Accounting,"The course builds on and expands topics introduced in ACCT 305, Cost Accounting. The managerial emphasis is continued and the subject area expanded to cover further issues in cost allocation and product costing and to introduce new topics, such as linear programming, just-in-time inventories, capital budgeting, economic order quantity, transfer pricing, and performance measurement.",,,,,,,,343,343,ACCT 306: Advanced Cost Accounting,
5,ACCT 312,ACCT,312,Accounting Information Systems,Accounting,"This course is designed to introduce accounting majors to a variety of transaction processing systems, such as accounts payable, inventory, and accounts receivable. Emphasis will be placed on the inputs, processing, outputs, databases, and internal controls associated with each system studied as well as the interrelationships among the systems. How to establish and follow audit trails through the system will also be covered. The first two steps in the structured systems development cycle, namely Systems Survey and Systems Analysis, will be emphasized. Developing systems via prototyping and the application of artificial intelligence in accounting systems are topics included in the course. This course is designed for accounting majors, other business majors may be admitted with permission of the dean.",,,3,,SemesterHour,cross_reference,3,343,343,ACCT 312: Accounting Information Systems,
6,ACCT 317,ACCT,317,Tax Accounting I,Accounting,"This course introduces the fundamentals of taxation, the types of taxes, the structure of the tax system, and how taxes are applied to various entities. It is an in-depth study of the income taxation of individuals and provisions applicable to all tax return filers. Topics include gross income, exclusions, deductions, losses, adjustments, credits, property transactions, capital gains and losses, as well as business expenses, depreciation, cost recovery, amortization, and depletion, and the determination of the regular tax and the alternative minimum tax. Tax research and the practical compliance aspects of individual tax return preparation are covered. While the focus is on Federal taxes, state tax implications are also studied, including multi-state tax situations. accounting periods and methods and the alternative minimum tax.",,,3,,SemesterHour,cross_reference,3,343,343,ACCT 317: Tax Accounting I,
7,ACCT 318,ACCT,318,Tax Accounting II,Accounting,"This course is a continuation of ACCT 317 and is an in-depth study of the Federal income taxation of regular corporations and flow-through entities (partnerships, S Corporations, limited liability corporations). Coverage also includes estate and gift taxes, multistate corporate taxation and taxation of international transactions. In addition to conceptual matters, the practical compliance aspects of tax return preparation, as well as effective tax planning techniques will be covered.",,,3,,SemesterHour,cross_reference,3,344,344,ACCT 318: Tax Accounting II,
8,ACCT 321,ACCT,321,Intermediate Accounting I,Accounting,"A study of current financial accounting theory and practice, this course builds on the fundamental concepts covered in the introductory financial and managerial accounting courses and develops a more professional level of accounting analysis. Coverage includes the development of accounting standards: including International Financial Reporting Standards, the conceptual framework of financial accounting, the accounting process, financial statements, time value of money, cash, receivables, inventories, property plant and equipment, intangible assets, current liabilities and contingencies. Students develop analytical skills and the ability to research accounting issues. The course also encourages the development of computer, oral, and technical writing skills.",,,,,,,,344,344,ACCT 321: Intermediate Accounting I,
9,ACCT 322,ACCT,322,Intermediate Accounting II,Accounting,"A study of current financial accounting theory and practice, this course covers Intermediate Accounting topics beyond the scope of Intermediate Accounting I. Coverage includes accounting and financial statement presentation for: Long-term Liabilities; Stockholder's Equity; Dilutive Securities and Earnings per Share; Investments in Securities; Revenue Recognition; Income Taxes, Pensions and Postretirement Benefits; and Leases; Accounting Changes and Error Analysis; and the Statement of Cash Flows; and Full Disclosure in Financial Reporting. The course emphasizes conceptual understanding as well as the development of the technical skills of accounting and the development of computer and oral and written communication skills.",,,3,,SemesterHour,cross_reference,3,344,344,ACCT 322: Intermediate Accounting II,
10,ACCT 323,ACCT,323,Advanced Accounting,Accounting,"This course covers theory and application of advanced accounting topics including business combinations (mergers, acquisitions, and consolidations), consolidated financial statements, interim and segment reporting, partnerships, derivative instruments, and foreign operations.",,,3,,SemesterHour,cross_reference,3,344,344,ACCT 323: Advanced Accounting,
11,ACCT 325,ACCT,325,Not-For-Profit and Governmental Accounting,Accounting,"Accounting and financial and budgetary reporting for governments and nonprofit organizations (NP&G) are based on distinctive concepts, standards, and procedures designed to accommodate their environments and the needs of their financial report users. This course focuses on the aforementioned concepts, standards, and procedures applicable to (1) state and local governments including counties, cities, and school districts, as well as townships, other special districts, and public authorities; (2) nonprofit universities, hospitals, voluntary health and welfare organizations. Financial management evaluation procedures and accountability considerations peculiar to NP&G organizations are emphasized throughout the course.",,,3,,SemesterHour,cross_reference,3,344,344,ACCT 325: Not-For-Profit and Governmental Accounting,
12,ACCT 330,ACCT,330,Auditing Practice and Standards,Accounting,"This course is an introduction to audit theory, practice and ethics. It integrates the accounting, ethical, legal and auditing responsibilities of the Certified Public Accountant. Topics covered include the various forms of audit reports, professional ethics, legal liability of the accountant, the audit process, risk analysis, internal controls, the nature of evidential matter, audit procedures, and an introduction to audit related statistical applications. Also, the content, meaning and impact of the Sarbanes/Oxley Act and the role of the Public Company Accounting Oversight Board (PCAOB) are covered. A computerized audit case study, which provides students the experience of performing a simulated audit engagement has been integrated as a key component of the course.",,,3,,SemesterHour,cross_reference,3,344,345,ACCT 330: Auditing Practice and Standards,
13,ACCT 335,ACCT,335,Forensic Accounting,Accounting,"This course provides students an understanding on the different types of fraud using various theories and techniques. The topics covered include an overview of fraud, the nature of fraud, motivational factors, and the ways to combat fraud. Financial statement fraud, fraud triangle, and other fraudulent behaviors will also be covered. Further, topics on fraud prevention, fraud detection, and fraud resolution will also be covered. The course will also cover areas related to data-driven fraud detection tools and techniques, objectives, costs involved in implementing those tools, and the resulting benefits from implementing those tools. In addition, the course will highlight good corporate governance practices due to the use of fraud prevention, detection tools and techniques.",,,3,,SemesterHour,cross_reference,3,345,345,ACCT 335: Forensic Accounting,
14,ACCT 380,ACCT,380,Senior Seminar in Accounting,Accounting,"This course focuses integrating students' knowledge in accounting with business principles and current issues, with particular emphasis on the role of accounting in contemporary society. ACCT 380 integrates topical matter from various fields of accounting with strong emphasis on professional responsibilities. The course also addresses topics that are not covered in depth elsewhere in the accounting curriculum.",,,,,,,,345,345,ACCT 380: Senior Seminar in Accounting,
15,ACCT 395,ACCT,395,Honors Thesis in Accounting,Accounting,Completion of the honors thesis is a requirement for the KU Honors Program. This course enables the honors student to conduct a research project under the direction of a faculty member from the Accounting Discipline. The student and faculty member will prepare a research proposal. A student can apply for 3-6 credits (s.h.). The proposal and number of credits must be approved by the discipline.,,,3,6,SemesterHour,description,3-6,345,345,ACCT 395: Honors Thesis in Accounting,
16,ALST 100,ALST,100,Alumni Seminar,Alumni Studies,"The Alumni Seminar provides Kutztown University alumni with lifelong learning opportunities. In an online setting, alumni work closely with professors and peers to explore a particular topic in depth, refine knowledge of areas previously acquired while an undergraduate, acquire new skills related to university programming or developments in the related subject field, or participate in critical discourse relevant to engaged citizenry. Skills include those in substantive reading, critical thinking, writing, speaking, ethical analysis and reasoning, active and collaborative learning, academic research, or the use of technology. Alumni retain access to university resources, enriching their awareness of, and access to continued educational experiences. The specific topic of the seminar varies with the academic passion and expertise of the instructor. Alumni Seminar is open to all alumni and community members. It is not open to current Kutztown University undergraduate and graduate students. The course carries no prerequisites.",,,,,,,,345,345,ALST 100: Alumni Seminar,
17,ALST 101,ALST,101,Alumni Seminar,Alumni Studies,"The Alumni Seminar provides Kutztown University alumni with lifelong learning opportunities. In an online setting, alumni work closely with professors and peers to explore a particular topic in depth, refine knowledge of areas previously acquired while an undergraduate, acquire new skills related to university programming or developments in the related subject field, or participate in critical discourse relevant to engaged citizenry. Skills include those in substantive reading, critical thinking, writing, speaking, ethical analysis and reasoning, active and collaborative learning, academic research, or the use of technology. Alumni retain access to university resources, enriching their awareness of, and access to continued educational experiences. The specific topic of the seminar varies with the academic passion and expertise of the instructor. Alumni Seminar is open to all alumni and community members. It is not open to current Kutztown University undergraduate and graduate students. The course carries no prerequisites.",,,,,,,,345,346,ALST 101: Alumni Seminar,
18,ALST 102,ALST,102,Alumni Seminar,Alumni Studies,"The Alumni Seminar provides Kutztown University alumni with lifelong learning opportunities. In an online setting, alumni work closely with professors and peers to explore a particular topic in depth, refine knowledge of areas previously acquired while an undergraduate, acquire new skills related to university programming or developments in the related subject field, or participate in critical discourse relevant to engaged citizenry. Skills include those in substantive reading, critical thinking, writing, speaking, ethical analysis and reasoning, active and collaborative learning, academic research, or the use of technology. Alumni retain access to university resources, enriching their awareness of, and access to continued educational experiences. The specific topic of the seminar varies with the academic passion and expertise of the instructor. Alumni Seminar is open to all alumni and community members. It is not open to current Kutztown University undergraduate and graduate students. The course carries no prerequisites.",,,,,,,,346,346,ALST 102: Alumni Seminar,
19,ANIA 141,ANIA,141,Introduction to Visual Storytelling,Animated Arts,"Students study approaches to storytelling and their application in visual narrative. Students will analyze historical examples of visual narratives and imagery related to character design, learn pre-production for character design and will develop concept art and character sheets.",,,3,,SemesterHour,cross_reference,3,346,346,ANIA 141: Introduction to Visual Storytelling,
20,ANIA 148,ANIA,148,Game Design and Prototyping,Animated Arts,"Students will explore the concept of play and how it works in building game strategies. This course covers foundation game design and workflow from inception to execution. Students will develop, plan, realize and propose their game concepts as well as make and play-test game prototypes. Three additional hours per week of outside class work is expected.",,,3,,SemesterHour,cross_reference,3,346,346,ANIA 148: Game Design and Prototyping,
21,ANIA 171,ANIA,171,Intro to 3D Modeling and Rendering,Animated Arts,"This course is an introduction to software associated with the design of three-dimensional objects in virtual space. Students in this class will learn to use three dimensional modeling and rendering software to develop their ideas, visualize those ideas as three-dimensional forms, and present their ideas to others. Students will develop 3D drawings defined by the professor and based on their own body of work. A minimum of 3 hours of work outside of class is required per week. Open to all students in the College of Visual and Performing Arts except Music, Music Education, and Communication Studies.",,,3,,SemesterHour,cross_reference,3,346,346,ANIA 171: Intro to 3D Modeling and Rendering,
22,ANIA 231,ANIA,231,Intro to 2D Animation,Animated Arts,"and learn how to execute it, starting from conception to its final delivery. Basic production techniques, project planning, and linear versus non-linear narrative are all fundamental components covered in this course. Students will be introduced to and become proficient in using a variety of state of the art animation programs. Students will also learn how to plan and create storyboards to organize their animation ideas effectively. Prior experience with Photoshop software is required. A minimum of 3 hours of work outside of class is required per week.",,,3,,SemesterHour,cross_reference,3,346,347,ANIA 231: Intro to 2D Animation,
23,ANIA 240,ANIA,240,Introduction to 3D Animation,Animated Arts,This course provides an introductory overview of 3D Animation. Students will learn how to execute a 3D Animation project from concept to final delivery and will become proficient in a variety of contemporary animation software programs. Students will also learn the theory and history of animation within the context of a popular art form that transcends culture and language.,,,3,,SemesterHour,cross_reference,3,347,347,ANIA 240: Introduction to 3D Animation,
24,ANIA 271,ANIA,271,3D Prototyping,Animated Arts,"This course provides a digital fabrication foundation for all majors in College of Visual and Performing Arts. In this course, students will complete a series of projects exploring 3D modeling, 3D scanning technologies, and experimental approaches to digital model generation. Simultaneously, digital models will be made physical through additive and subtractive fabrication technologies including 3D printing, CNC milling, and laser cutting. Students will be introduced to art works, artists working with the medium, and application of this technology in commercial industry. A minimum of 3 hours of work outside of class is required per week.",,,3,,SemesterHour,cross_reference,3,347,347,ANIA 271: 3D Prototyping,
25,ANIA 302,ANIA,302,Digital Futures,Animated Arts,"This course introduces students to how human beings use digital interactive images to communicate, affect socio-political divides, establish identity and construct gender. Persuasive technological illusions of motion and space and advances in interface technologies bring us closer full sensory computing, the course will investigate these technologies and their potential for our globalized information society.",,,3,,SemesterHour,cross_reference,3,347,347,ANIA 302: Digital Futures,
