CTID,External Identifier,Learning Type,Learning Opportunity Name,Description,Subject Webpage,Life Cycle Status Type,Language,Credit Unit Type,Credit Unit Value,Credit Unit Max Value,Offered By,Coded Notation,Subjects,In Catalog,Version Identifier
ce-9f8e99d3-5d73-400b-8d52-e002be8a844f,ACCT 121,Course,Financial Accounting,"Accounting has been called ""the language of business."" Accordingly, this course emphasizes the provision of relevant and reliable information used by investors, creditors and managers in making financial and business decisions. Areas of emphasis include the basic concepts and principles of financial accounting, the accounting cycle, financial statement preparation, information systems and processing, and internal control. Recognition, measurement, and classification of assets, liabilities, revenues and expenses are examined and the alternative forms of business organization are covered. BSBA majors only.",https://www.kutztown.edu/Departments-Offices/A-F/Catalog/Documents/KU-Undergraduate-Catalog-2025-2026.pdf,Active,English,SemesterHour,3,,same as owner,ACCT 121,Accounting,https://www.kutztown.edu/Departments-Offices/A-F/Catalog/Documents/KU-Undergraduate-Catalog-2025-2026.pdf,Catalog Version~2025-2026 Undergraduate Catalog
ce-dac7b3f1-5db0-4ecf-84f3-8ebeda1f1f0f,ACCT 122,Course,Managerial Accounting,"The course is a study of the development and use of accounting information and its importance to management functions. Areas of emphasis include planning and control of operations, evaluation of performance at different levels within the organization, financial analysis, cost systems, budgeting, and decision-making. A computer project is required using spreadsheet software. BSBA majors only.",https://www.kutztown.edu/Departments-Offices/A-F/Catalog/Documents/KU-Undergraduate-Catalog-2025-2026.pdf,Active,English,SemesterHour,3,,same as owner,ACCT 122,Accounting,https://www.kutztown.edu/Departments-Offices/A-F/Catalog/Documents/KU-Undergraduate-Catalog-2025-2026.pdf,Catalog Version~2025-2026 Undergraduate Catalog
ce-818371fd-9136-49ff-b951-0d57810a0cce,ACCT 305,Course,Cost Accounting and Data Analytics,"This course introduces students to methods and tools used in business organizations in the areas of financial planning, controlling and decision making. While different approaches to measuring cost of products and services is a central focus of the course, the course integrates planning and controlling by exposing students to information, financial analysis, and data analytics needed to support decision making. The course also provides thorough treatment of cost analysis for both manufacturing and a wide range of service industries.",https://www.kutztown.edu/Departments-Offices/A-F/Catalog/Documents/KU-Undergraduate-Catalog-2025-2026.pdf,Active,English,SemesterHour,3,,same as owner,ACCT 305,Accounting,https://www.kutztown.edu/Departments-Offices/A-F/Catalog/Documents/KU-Undergraduate-Catalog-2025-2026.pdf,Catalog Version~2025-2026 Undergraduate Catalog
ce-24a05075-d7cf-4ea9-a0db-a99c69fef552,ACCT 306,Course,Advanced Cost Accounting,"The course builds on and expands topics introduced in ACCT 305, Cost Accounting. The managerial emphasis is continued and the subject area expanded to cover further issues in cost allocation and product costing and to introduce new topics, such as linear programming, just-in-time inventories, capital budgeting, economic order quantity, transfer pricing, and performance measurement.",https://www.kutztown.edu/Departments-Offices/A-F/Catalog/Documents/KU-Undergraduate-Catalog-2025-2026.pdf,Active,English,,,,same as owner,ACCT 306,Accounting,https://www.kutztown.edu/Departments-Offices/A-F/Catalog/Documents/KU-Undergraduate-Catalog-2025-2026.pdf,Catalog Version~2025-2026 Undergraduate Catalog
ce-58273cd0-1858-4a24-9c53-de2c83f31eec,ACCT 312,Course,Accounting Information Systems,"This course is designed to introduce accounting majors to a variety of transaction processing systems, such as accounts payable, inventory, and accounts receivable. Emphasis will be placed on the inputs, processing, outputs, databases, and internal controls associated with each system studied as well as the interrelationships among the systems. How to establish and follow audit trails through the system will also be covered. The first two steps in the structured systems development cycle, namely Systems Survey and Systems Analysis, will be emphasized. Developing systems via prototyping and the application of artificial intelligence in accounting systems are topics included in the course. This course is designed for accounting majors, other business majors may be admitted with permission of the dean.",https://www.kutztown.edu/Departments-Offices/A-F/Catalog/Documents/KU-Undergraduate-Catalog-2025-2026.pdf,Active,English,SemesterHour,3,,same as owner,ACCT 312,Accounting,https://www.kutztown.edu/Departments-Offices/A-F/Catalog/Documents/KU-Undergraduate-Catalog-2025-2026.pdf,Catalog Version~2025-2026 Undergraduate Catalog
ce-fbe7e847-d10f-4ada-a8c5-8a7f8b0029fa,ACCT 317,Course,Tax Accounting I,"This course introduces the fundamentals of taxation, the types of taxes, the structure of the tax system, and how taxes are applied to various entities. It is an in-depth study of the income taxation of individuals and provisions applicable to all tax return filers. Topics include gross income, exclusions, deductions, losses, adjustments, credits, property transactions, capital gains and losses, as well as business expenses, depreciation, cost recovery, amortization, and depletion, and the determination of the regular tax and the alternative minimum tax. Tax research and the practical compliance aspects of individual tax return preparation are covered. While the focus is on Federal taxes, state tax implications are also studied, including multi-state tax situations. accounting periods and methods and the alternative minimum tax.",https://www.kutztown.edu/Departments-Offices/A-F/Catalog/Documents/KU-Undergraduate-Catalog-2025-2026.pdf,Active,English,SemesterHour,3,,same as owner,ACCT 317,Accounting,https://www.kutztown.edu/Departments-Offices/A-F/Catalog/Documents/KU-Undergraduate-Catalog-2025-2026.pdf,Catalog Version~2025-2026 Undergraduate Catalog
ce-ab31f643-575c-4333-8e24-0b0045791f68,ACCT 318,Course,Tax Accounting II,"This course is a continuation of ACCT 317 and is an in-depth study of the Federal income taxation of regular corporations and flow-through entities (partnerships, S Corporations, limited liability corporations). Coverage also includes estate and gift taxes, multistate corporate taxation and taxation of international transactions. In addition to conceptual matters, the practical compliance aspects of tax return preparation, as well as effective tax planning techniques will be covered.",https://www.kutztown.edu/Departments-Offices/A-F/Catalog/Documents/KU-Undergraduate-Catalog-2025-2026.pdf,Active,English,SemesterHour,3,,same as owner,ACCT 318,Accounting,https://www.kutztown.edu/Departments-Offices/A-F/Catalog/Documents/KU-Undergraduate-Catalog-2025-2026.pdf,Catalog Version~2025-2026 Undergraduate Catalog
ce-c3b76a83-bb3a-4681-8260-d6dd6c6935b1,ACCT 321,Course,Intermediate Accounting I,"A study of current financial accounting theory and practice, this course builds on the fundamental concepts covered in the introductory financial and managerial accounting courses and develops a more professional level of accounting analysis. Coverage includes the development of accounting standards: including International Financial Reporting Standards, the conceptual framework of financial accounting, the accounting process, financial statements, time value of money, cash, receivables, inventories, property plant and equipment, intangible assets, current liabilities and contingencies. Students develop analytical skills and the ability to research accounting issues. The course also encourages the development of computer, oral, and technical writing skills.",https://www.kutztown.edu/Departments-Offices/A-F/Catalog/Documents/KU-Undergraduate-Catalog-2025-2026.pdf,Active,English,,,,same as owner,ACCT 321,Accounting,https://www.kutztown.edu/Departments-Offices/A-F/Catalog/Documents/KU-Undergraduate-Catalog-2025-2026.pdf,Catalog Version~2025-2026 Undergraduate Catalog
ce-f5e05857-55b3-4ee8-a170-dcc7f0b3e7d1,ACCT 322,Course,Intermediate Accounting II,"A study of current financial accounting theory and practice, this course covers Intermediate Accounting topics beyond the scope of Intermediate Accounting I. Coverage includes accounting and financial statement presentation for: Long-term Liabilities; Stockholder's Equity; Dilutive Securities and Earnings per Share; Investments in Securities; Revenue Recognition; Income Taxes, Pensions and Postretirement Benefits; and Leases; Accounting Changes and Error Analysis; and the Statement of Cash Flows; and Full Disclosure in Financial Reporting. The course emphasizes conceptual understanding as well as the development of the technical skills of accounting and the development of computer and oral and written communication skills.",https://www.kutztown.edu/Departments-Offices/A-F/Catalog/Documents/KU-Undergraduate-Catalog-2025-2026.pdf,Active,English,SemesterHour,3,,same as owner,ACCT 322,Accounting,https://www.kutztown.edu/Departments-Offices/A-F/Catalog/Documents/KU-Undergraduate-Catalog-2025-2026.pdf,Catalog Version~2025-2026 Undergraduate Catalog
ce-c477c4b3-e4e9-44f8-a72e-8631dfc2c866,ACCT 323,Course,Advanced Accounting,"This course covers theory and application of advanced accounting topics including business combinations (mergers, acquisitions, and consolidations), consolidated financial statements, interim and segment reporting, partnerships, derivative instruments, and foreign operations.",https://www.kutztown.edu/Departments-Offices/A-F/Catalog/Documents/KU-Undergraduate-Catalog-2025-2026.pdf,Active,English,SemesterHour,3,,same as owner,ACCT 323,Accounting,https://www.kutztown.edu/Departments-Offices/A-F/Catalog/Documents/KU-Undergraduate-Catalog-2025-2026.pdf,Catalog Version~2025-2026 Undergraduate Catalog
ce-69f0747d-5a95-43d6-a782-768098cb9d6b,ACCT 325,Course,Not-For-Profit and Governmental Accounting,"Accounting and financial and budgetary reporting for governments and nonprofit organizations (NP&G) are based on distinctive concepts, standards, and procedures designed to accommodate their environments and the needs of their financial report users. This course focuses on the aforementioned concepts, standards, and procedures applicable to (1) state and local governments including counties, cities, and school districts, as well as townships, other special districts, and public authorities; (2) nonprofit universities, hospitals, voluntary health and welfare organizations. Financial management evaluation procedures and accountability considerations peculiar to NP&G organizations are emphasized throughout the course.",https://www.kutztown.edu/Departments-Offices/A-F/Catalog/Documents/KU-Undergraduate-Catalog-2025-2026.pdf,Active,English,SemesterHour,3,,same as owner,ACCT 325,Accounting,https://www.kutztown.edu/Departments-Offices/A-F/Catalog/Documents/KU-Undergraduate-Catalog-2025-2026.pdf,Catalog Version~2025-2026 Undergraduate Catalog
ce-45963b04-10fa-4f80-b927-721169faee34,ACCT 330,Course,Auditing Practice and Standards,"This course is an introduction to audit theory, practice and ethics. It integrates the accounting, ethical, legal and auditing responsibilities of the Certified Public Accountant. Topics covered include the various forms of audit reports, professional ethics, legal liability of the accountant, the audit process, risk analysis, internal controls, the nature of evidential matter, audit procedures, and an introduction to audit related statistical applications. Also, the content, meaning and impact of the Sarbanes/Oxley Act and the role of the Public Company Accounting Oversight Board (PCAOB) are covered. A computerized audit case study, which provides students the experience of performing a simulated audit engagement has been integrated as a key component of the course.",https://www.kutztown.edu/Departments-Offices/A-F/Catalog/Documents/KU-Undergraduate-Catalog-2025-2026.pdf,Active,English,SemesterHour,3,,same as owner,ACCT 330,Accounting,https://www.kutztown.edu/Departments-Offices/A-F/Catalog/Documents/KU-Undergraduate-Catalog-2025-2026.pdf,Catalog Version~2025-2026 Undergraduate Catalog
ce-1000c94e-6085-46c9-bab9-248016550bc1,ACCT 335,Course,Forensic Accounting,"This course provides students an understanding on the different types of fraud using various theories and techniques. The topics covered include an overview of fraud, the nature of fraud, motivational factors, and the ways to combat fraud. Financial statement fraud, fraud triangle, and other fraudulent behaviors will also be covered. Further, topics on fraud prevention, fraud detection, and fraud resolution will also be covered. The course will also cover areas related to data-driven fraud detection tools and techniques, objectives, costs involved in implementing those tools, and the resulting benefits from implementing those tools. In addition, the course will highlight good corporate governance practices due to the use of fraud prevention, detection tools and techniques.",https://www.kutztown.edu/Departments-Offices/A-F/Catalog/Documents/KU-Undergraduate-Catalog-2025-2026.pdf,Active,English,SemesterHour,3,,same as owner,ACCT 335,Accounting,https://www.kutztown.edu/Departments-Offices/A-F/Catalog/Documents/KU-Undergraduate-Catalog-2025-2026.pdf,Catalog Version~2025-2026 Undergraduate Catalog
ce-302eefbe-be1c-4bb1-a9e6-10254d735e05,ACCT 380,Course,Senior Seminar in Accounting,"This course focuses integrating students' knowledge in accounting with business principles and current issues, with particular emphasis on the role of accounting in contemporary society. ACCT 380 integrates topical matter from various fields of accounting with strong emphasis on professional responsibilities. The course also addresses topics that are not covered in depth elsewhere in the accounting curriculum.",https://www.kutztown.edu/Departments-Offices/A-F/Catalog/Documents/KU-Undergraduate-Catalog-2025-2026.pdf,Active,English,,,,same as owner,ACCT 380,Accounting,https://www.kutztown.edu/Departments-Offices/A-F/Catalog/Documents/KU-Undergraduate-Catalog-2025-2026.pdf,Catalog Version~2025-2026 Undergraduate Catalog
ce-0e1e8e8e-53c8-4358-8736-b0e031463f4e,ACCT 395,Course,Honors Thesis in Accounting,Completion of the honors thesis is a requirement for the KU Honors Program. This course enables the honors student to conduct a research project under the direction of a faculty member from the Accounting Discipline. The student and faculty member will prepare a research proposal. A student can apply for 3-6 credits (s.h.). The proposal and number of credits must be approved by the discipline.,https://www.kutztown.edu/Departments-Offices/A-F/Catalog/Documents/KU-Undergraduate-Catalog-2025-2026.pdf,Active,English,SemesterHour,3,6,same as owner,ACCT 395,Accounting,https://www.kutztown.edu/Departments-Offices/A-F/Catalog/Documents/KU-Undergraduate-Catalog-2025-2026.pdf,Catalog Version~2025-2026 Undergraduate Catalog
ce-00dd78b0-9411-41f2-a7a0-fad9370055c9,ALST 100,Course,Alumni Seminar,"The Alumni Seminar provides Kutztown University alumni with lifelong learning opportunities. In an online setting, alumni work closely with professors and peers to explore a particular topic in depth, refine knowledge of areas previously acquired while an undergraduate, acquire new skills related to university programming or developments in the related subject field, or participate in critical discourse relevant to engaged citizenry. Skills include those in substantive reading, critical thinking, writing, speaking, ethical analysis and reasoning, active and collaborative learning, academic research, or the use of technology. Alumni retain access to university resources, enriching their awareness of, and access to continued educational experiences. The specific topic of the seminar varies with the academic passion and expertise of the instructor. Alumni Seminar is open to all alumni and community members. It is not open to current Kutztown University undergraduate and graduate students. The course carries no prerequisites.",https://www.kutztown.edu/Departments-Offices/A-F/Catalog/Documents/KU-Undergraduate-Catalog-2025-2026.pdf,Active,English,,,,same as owner,ALST 100,Alumni Studies,https://www.kutztown.edu/Departments-Offices/A-F/Catalog/Documents/KU-Undergraduate-Catalog-2025-2026.pdf,Catalog Version~2025-2026 Undergraduate Catalog
ce-deb40eac-a64d-4777-a0c1-3497ade370ca,ALST 101,Course,Alumni Seminar,"The Alumni Seminar provides Kutztown University alumni with lifelong learning opportunities. In an online setting, alumni work closely with professors and peers to explore a particular topic in depth, refine knowledge of areas previously acquired while an undergraduate, acquire new skills related to university programming or developments in the related subject field, or participate in critical discourse relevant to engaged citizenry. Skills include those in substantive reading, critical thinking, writing, speaking, ethical analysis and reasoning, active and collaborative learning, academic research, or the use of technology. Alumni retain access to university resources, enriching their awareness of, and access to continued educational experiences. The specific topic of the seminar varies with the academic passion and expertise of the instructor. Alumni Seminar is open to all alumni and community members. It is not open to current Kutztown University undergraduate and graduate students. The course carries no prerequisites.",https://www.kutztown.edu/Departments-Offices/A-F/Catalog/Documents/KU-Undergraduate-Catalog-2025-2026.pdf,Active,English,,,,same as owner,ALST 101,Alumni Studies,https://www.kutztown.edu/Departments-Offices/A-F/Catalog/Documents/KU-Undergraduate-Catalog-2025-2026.pdf,Catalog Version~2025-2026 Undergraduate Catalog
ce-e1c6cd42-22ca-4619-9032-9d84ff2f0fc4,ALST 102,Course,Alumni Seminar,"The Alumni Seminar provides Kutztown University alumni with lifelong learning opportunities. In an online setting, alumni work closely with professors and peers to explore a particular topic in depth, refine knowledge of areas previously acquired while an undergraduate, acquire new skills related to university programming or developments in the related subject field, or participate in critical discourse relevant to engaged citizenry. Skills include those in substantive reading, critical thinking, writing, speaking, ethical analysis and reasoning, active and collaborative learning, academic research, or the use of technology. Alumni retain access to university resources, enriching their awareness of, and access to continued educational experiences. The specific topic of the seminar varies with the academic passion and expertise of the instructor. Alumni Seminar is open to all alumni and community members. It is not open to current Kutztown University undergraduate and graduate students. The course carries no prerequisites.",https://www.kutztown.edu/Departments-Offices/A-F/Catalog/Documents/KU-Undergraduate-Catalog-2025-2026.pdf,Active,English,,,,same as owner,ALST 102,Alumni Studies,https://www.kutztown.edu/Departments-Offices/A-F/Catalog/Documents/KU-Undergraduate-Catalog-2025-2026.pdf,Catalog Version~2025-2026 Undergraduate Catalog
ce-7322a45e-6dc4-4301-b081-5e5469678a8a,ANIA 141,Course,Introduction to Visual Storytelling,"Students study approaches to storytelling and their application in visual narrative. Students will analyze historical examples of visual narratives and imagery related to character design, learn pre-production for character design and will develop concept art and character sheets.",https://www.kutztown.edu/Departments-Offices/A-F/Catalog/Documents/KU-Undergraduate-Catalog-2025-2026.pdf,Active,English,SemesterHour,3,,same as owner,ANIA 141,Animated Arts,https://www.kutztown.edu/Departments-Offices/A-F/Catalog/Documents/KU-Undergraduate-Catalog-2025-2026.pdf,Catalog Version~2025-2026 Undergraduate Catalog
ce-7defb38e-86c9-402a-a7a0-d1c94ca788b9,ANIA 148,Course,Game Design and Prototyping,"Students will explore the concept of play and how it works in building game strategies. This course covers foundation game design and workflow from inception to execution. Students will develop, plan, realize and propose their game concepts as well as make and play-test game prototypes. Three additional hours per week of outside class work is expected.",https://www.kutztown.edu/Departments-Offices/A-F/Catalog/Documents/KU-Undergraduate-Catalog-2025-2026.pdf,Active,English,SemesterHour,3,,same as owner,ANIA 148,Animated Arts,https://www.kutztown.edu/Departments-Offices/A-F/Catalog/Documents/KU-Undergraduate-Catalog-2025-2026.pdf,Catalog Version~2025-2026 Undergraduate Catalog
ce-40065042-2980-4dd2-983f-9e2877307834,ANIA 171,Course,Intro to 3D Modeling and Rendering,"This course is an introduction to software associated with the design of three-dimensional objects in virtual space. Students in this class will learn to use three dimensional modeling and rendering software to develop their ideas, visualize those ideas as three-dimensional forms, and present their ideas to others. Students will develop 3D drawings defined by the professor and based on their own body of work. A minimum of 3 hours of work outside of class is required per week. Open to all students in the College of Visual and Performing Arts except Music, Music Education, and Communication Studies.",https://www.kutztown.edu/Departments-Offices/A-F/Catalog/Documents/KU-Undergraduate-Catalog-2025-2026.pdf,Active,English,SemesterHour,3,,same as owner,ANIA 171,Animated Arts,https://www.kutztown.edu/Departments-Offices/A-F/Catalog/Documents/KU-Undergraduate-Catalog-2025-2026.pdf,Catalog Version~2025-2026 Undergraduate Catalog
ce-776e802f-91a4-48ef-842b-81b6b3444c2b,ANIA 231,Course,Intro to 2D Animation,"and learn how to execute it, starting from conception to its final delivery. Basic production techniques, project planning, and linear versus non-linear narrative are all fundamental components covered in this course. Students will be introduced to and become proficient in using a variety of state of the art animation programs. Students will also learn how to plan and create storyboards to organize their animation ideas effectively. Prior experience with Photoshop software is required. A minimum of 3 hours of work outside of class is required per week.",https://www.kutztown.edu/Departments-Offices/A-F/Catalog/Documents/KU-Undergraduate-Catalog-2025-2026.pdf,Active,English,SemesterHour,3,,same as owner,ANIA 231,Animated Arts,https://www.kutztown.edu/Departments-Offices/A-F/Catalog/Documents/KU-Undergraduate-Catalog-2025-2026.pdf,Catalog Version~2025-2026 Undergraduate Catalog
ce-06ada99f-e3ba-4e2d-aca2-a400a06daeea,ANIA 240,Course,Introduction to 3D Animation,This course provides an introductory overview of 3D Animation. Students will learn how to execute a 3D Animation project from concept to final delivery and will become proficient in a variety of contemporary animation software programs. Students will also learn the theory and history of animation within the context of a popular art form that transcends culture and language.,https://www.kutztown.edu/Departments-Offices/A-F/Catalog/Documents/KU-Undergraduate-Catalog-2025-2026.pdf,Active,English,SemesterHour,3,,same as owner,ANIA 240,Animated Arts,https://www.kutztown.edu/Departments-Offices/A-F/Catalog/Documents/KU-Undergraduate-Catalog-2025-2026.pdf,Catalog Version~2025-2026 Undergraduate Catalog
ce-a0c11a6d-729d-43f5-ab22-1d308ccfa0f3,ANIA 271,Course,3D Prototyping,"This course provides a digital fabrication foundation for all majors in College of Visual and Performing Arts. In this course, students will complete a series of projects exploring 3D modeling, 3D scanning technologies, and experimental approaches to digital model generation. Simultaneously, digital models will be made physical through additive and subtractive fabrication technologies including 3D printing, CNC milling, and laser cutting. Students will be introduced to art works, artists working with the medium, and application of this technology in commercial industry. A minimum of 3 hours of work outside of class is required per week.",https://www.kutztown.edu/Departments-Offices/A-F/Catalog/Documents/KU-Undergraduate-Catalog-2025-2026.pdf,Active,English,SemesterHour,3,,same as owner,ANIA 271,Animated Arts,https://www.kutztown.edu/Departments-Offices/A-F/Catalog/Documents/KU-Undergraduate-Catalog-2025-2026.pdf,Catalog Version~2025-2026 Undergraduate Catalog
ce-d93dcdec-7c0c-4d9c-944d-805e97ee31f8,ANIA 302,Course,Digital Futures,"This course introduces students to how human beings use digital interactive images to communicate, affect socio-political divides, establish identity and construct gender. Persuasive technological illusions of motion and space and advances in interface technologies bring us closer full sensory computing, the course will investigate these technologies and their potential for our globalized information society.",https://www.kutztown.edu/Departments-Offices/A-F/Catalog/Documents/KU-Undergraduate-Catalog-2025-2026.pdf,Active,English,SemesterHour,3,,same as owner,ANIA 302,Animated Arts,https://www.kutztown.edu/Departments-Offices/A-F/Catalog/Documents/KU-Undergraduate-Catalog-2025-2026.pdf,Catalog Version~2025-2026 Undergraduate Catalog
